-- phpMyAdmin SQL Dump
-- version 5.2.1
-- https://www.phpmyadmin.net/
--
-- Host: 127.0.0.1
-- Waktu pembuatan: 11 Jul 2023 pada 19.01
-- Versi server: 10.4.28-MariaDB
-- Versi PHP: 8.2.4

SET SQL_MODE = "NO_AUTO_VALUE_ON_ZERO";
START TRANSACTION;
SET time_zone = "+00:00";


/*!40101 SET @OLD_CHARACTER_SET_CLIENT=@@CHARACTER_SET_CLIENT */;
/*!40101 SET @OLD_CHARACTER_SET_RESULTS=@@CHARACTER_SET_RESULTS */;
/*!40101 SET @OLD_COLLATION_CONNECTION=@@COLLATION_CONNECTION */;
/*!40101 SET NAMES utf8mb4 */;

--
-- Database: `generate_jadwal`
--

-- --------------------------------------------------------

--
-- Struktur dari tabel `failed_jobs`
--

CREATE TABLE `failed_jobs` (
  `id` bigint(20) UNSIGNED NOT NULL,
  `uuid` varchar(255) NOT NULL,
  `connection` text NOT NULL,
  `queue` text NOT NULL,
  `payload` longtext NOT NULL,
  `exception` longtext NOT NULL,
  `failed_at` timestamp NOT NULL DEFAULT current_timestamp()
) ENGINE=InnoDB DEFAULT CHARSET=utf8mb4 COLLATE=utf8mb4_unicode_ci;

-- --------------------------------------------------------

--
-- Struktur dari tabel `migrations`
--

CREATE TABLE `migrations` (
  `id` int(10) UNSIGNED NOT NULL,
  `migration` varchar(255) NOT NULL,
  `batch` int(11) NOT NULL
) ENGINE=InnoDB DEFAULT CHARSET=utf8mb4 COLLATE=utf8mb4_unicode_ci;

--
-- Dumping data untuk tabel `migrations`
--

INSERT INTO `migrations` (`id`, `migration`, `batch`) VALUES
(1, '2014_10_12_000000_create_users_table', 1),
(2, '2014_10_12_100000_create_password_resets_table', 1),
(3, '2019_08_19_000000_create_failed_jobs_table', 1),
(4, '2019_12_14_000001_create_personal_access_tokens_table', 1);

-- --------------------------------------------------------

--
-- Struktur dari tabel `password_resets`
--

CREATE TABLE `password_resets` (
  `email` varchar(255) NOT NULL,
  `token` varchar(255) NOT NULL,
  `created_at` timestamp NULL DEFAULT NULL
) ENGINE=InnoDB DEFAULT CHARSET=utf8mb4 COLLATE=utf8mb4_unicode_ci;

-- --------------------------------------------------------

--
-- Struktur dari tabel `personal_access_tokens`
--

CREATE TABLE `personal_access_tokens` (
  `id` bigint(20) UNSIGNED NOT NULL,
  `tokenable_type` varchar(255) NOT NULL,
  `tokenable_id` bigint(20) UNSIGNED NOT NULL,
  `name` varchar(255) NOT NULL,
  `token` varchar(64) NOT NULL,
  `abilities` text DEFAULT NULL,
  `last_used_at` timestamp NULL DEFAULT NULL,
  `created_at` timestamp NULL DEFAULT NULL,
  `updated_at` timestamp NULL DEFAULT NULL
) ENGINE=InnoDB DEFAULT CHARSET=utf8mb4 COLLATE=utf8mb4_unicode_ci;

-- --------------------------------------------------------

--
-- Struktur dari tabel `tb_dosen`
--

CREATE TABLE `tb_dosen` (
  `kode_dosen` int(11) NOT NULL,
  `nidn` varchar(10) NOT NULL,
  `nama_dosen` text NOT NULL,
  `updated_at` timestamp NULL DEFAULT NULL,
  `created_at` timestamp NULL DEFAULT NULL
) ENGINE=InnoDB DEFAULT CHARSET=utf8mb4 COLLATE=utf8mb4_general_ci;

--
-- Dumping data untuk tabel `tb_dosen`
--

INSERT INTO `tb_dosen` (`kode_dosen`, `nidn`, `nama_dosen`, `updated_at`, `created_at`) VALUES
(17, '0724098501', 'Sri Lestanti, S.Kom., M.T', NULL, NULL),
(18, '0807067301', 'Indyah Hartami Santi, M.Kom', NULL, NULL),
(19, '0706028602', 'Filda Febrinita, M.Pd', NULL, NULL),
(20, '0710028805', 'Saiful Nur Budiman, S.Kom., M.Kom', NULL, NULL),
(21, '0000000001', 'Mohammad Faried Rahmat, S.S.T., M.Tr.T', NULL, NULL),
(22, '0000000002', 'Udkhiati Mawadah, S.Kom., M.Kom', NULL, NULL),
(23, '0703079004', 'Sabitul Kirom, M.Pd', NULL, NULL),
(24, '0723038903', 'Wahyu Dwi Puspitasari, M.Pd', NULL, NULL),
(25, '0708068601', 'Zunita Wulansari, M.T', NULL, NULL),
(26, '0710058506', 'Abdi Pandu Kusuma, S.Kom., M.T', NULL, NULL),
(27, '0728078602', 'Haris Yuana, M.T', NULL, NULL),
(28, '0708088802', 'Yusniarsi Primasari, M.Pd', NULL, NULL),
(29, '0000000003', 'Rizki Dwi Romadhona, S.S.T., M.Tr.T', NULL, NULL),
(30, '0731088601', 'M. Taofik Chulkamdi, S.Kom.,MT', NULL, NULL),
(32, '0731039201', 'Dimas Fanny, S.ST., M.Kom', NULL, NULL),
(33, '0704038703', 'Kurnia Paranita Kartika, M.T', NULL, NULL),
(34, '0703047705', 'Yufi Priyo Sutanto, S.T., M.M', NULL, NULL),
(35, '0718128801', 'Ervika Dewi Wahyuni, M.Pd.I', NULL, NULL),
(36, '0712058201', 'Sunan Trioko, S.T., M.M', NULL, NULL),
(37, '0000000004', 'Azis Suroni, S.Kom', NULL, NULL);

-- --------------------------------------------------------

--
-- Struktur dari tabel `tb_hari`
--

CREATE TABLE `tb_hari` (
  `kode_hari` int(11) NOT NULL,
  `nama_hari` text NOT NULL
) ENGINE=InnoDB DEFAULT CHARSET=utf8mb4 COLLATE=utf8mb4_general_ci;

--
-- Dumping data untuk tabel `tb_hari`
--

INSERT INTO `tb_hari` (`kode_hari`, `nama_hari`) VALUES
(4, 'Senin'),
(5, 'Selasa'),
(6, 'Rabu'),
(8, 'Kamis'),
(9, 'Jumat\r\n');

-- --------------------------------------------------------

--
-- Struktur dari tabel `tb_jam`
--

CREATE TABLE `tb_jam` (
  `kode_jam` int(11) NOT NULL,
  `start_time` time NOT NULL,
  `end_time` time NOT NULL,
  `updated_at` timestamp NULL DEFAULT NULL,
  `created_at` timestamp NULL DEFAULT NULL
) ENGINE=InnoDB DEFAULT CHARSET=utf8mb4 COLLATE=utf8mb4_general_ci;

--
-- Dumping data untuk tabel `tb_jam`
--

INSERT INTO `tb_jam` (`kode_jam`, `start_time`, `end_time`, `updated_at`, `created_at`) VALUES
(4, '07:00:00', '07:50:00', '2023-07-04 01:12:09', '2023-07-04 01:09:17'),
(6, '07:50:00', '08:40:00', NULL, NULL),
(7, '08:40:00', '09:30:00', NULL, NULL),
(8, '09:30:00', '10:20:00', NULL, NULL),
(9, '10:20:00', '11:10:00', NULL, NULL),
(10, '11:10:00', '12:00:00', NULL, NULL),
(11, '12:00:00', '12:50:00', NULL, NULL),
(12, '12:50:00', '13:40:00', NULL, NULL),
(13, '13:40:00', '14:30:00', NULL, NULL),
(14, '14:30:00', '15:20:00', NULL, NULL),
(15, '15:20:00', '16:10:00', NULL, NULL),
(16, '16:10:00', '17:00:00', NULL, NULL),
(17, '17:00:00', '18:40:00', NULL, NULL),
(18, '18:40:00', '19:30:00', NULL, NULL),
(19, '19:30:00', '20:20:00', NULL, NULL),
(20, '20:20:00', '21:10:00', NULL, NULL),
(21, '21:10:00', '22:00:00', NULL, NULL);

-- --------------------------------------------------------

--
-- Struktur dari tabel `tb_kelas`
--

CREATE TABLE `tb_kelas` (
  `kode_kelas` int(11) NOT NULL,
  `nama_kelas` text NOT NULL,
  `jumlah_mahasiswa` int(11) NOT NULL,
  `updated_at` timestamp NULL DEFAULT NULL,
  `created_at` timestamp NULL DEFAULT NULL
) ENGINE=InnoDB DEFAULT CHARSET=utf8mb4 COLLATE=utf8mb4_general_ci;

--
-- Dumping data untuk tabel `tb_kelas`
--

INSERT INTO `tb_kelas` (`kode_kelas`, `nama_kelas`, `jumlah_mahasiswa`, `updated_at`, `created_at`) VALUES
(8, '2A', 40, NULL, NULL),
(9, '2B', 44, NULL, NULL),
(10, '2C', 23, NULL, NULL),
(11, '4A', 28, NULL, NULL),
(12, '4B', 19, NULL, NULL),
(13, '4C', 17, NULL, NULL),
(14, '6A', 24, NULL, NULL),
(15, '6B', 18, NULL, NULL),
(18, '6C', 22, NULL, NULL),
(19, '6RPL', 25, NULL, NULL),
(20, '6SC', 21, NULL, NULL);

-- --------------------------------------------------------

--
-- Struktur dari tabel `tb_matkul`
--

CREATE TABLE `tb_matkul` (
  `kode_matkul` varchar(50) NOT NULL,
  `id` int(11) NOT NULL,
  `nama_matkul` text NOT NULL,
  `sks` int(11) NOT NULL,
  `semester` int(11) NOT NULL,
  `jenis` text NOT NULL,
  `kurikulum` int(11) NOT NULL,
  `updated_at` timestamp NULL DEFAULT NULL,
  `created_at` timestamp NULL DEFAULT NULL
) ENGINE=InnoDB DEFAULT CHARSET=utf8mb4 COLLATE=utf8mb4_general_ci;

--
-- Dumping data untuk tabel `tb_matkul`
--

INSERT INTO `tb_matkul` (`kode_matkul`, `id`, `nama_matkul`, `sks`, `semester`, `jenis`, `kurikulum`, `updated_at`, `created_at`) VALUES
('PKKU1101', 6, 'Pendidikan Agama Islam ', 2, 1, 'Teori', 2017, NULL, NULL),
('PKKU1103', 8, 'Bahasa Indonesia', 2, 1, 'Teori', 2017, NULL, NULL),
('PKKU1104', 9, 'Pendidikan Pancasila', 2, 1, 'Teori', 2017, NULL, NULL),
('KKTI1120', 10, 'Pemrograman Dasar', 3, 1, 'Teori', 2017, NULL, NULL),
('KKTI1121', 11, 'Praktikum Pemrograman Dasar', 1, 1, 'Praktikum', 2017, NULL, NULL),
('KPTI1109', 12, 'Pengantar Teknologi Informasi', 3, 1, 'Teori', 2017, NULL, NULL),
('KPTI1108', 13, 'Managemen Umum', 2, 1, 'Teori', 2017, NULL, NULL),
('KPTI1107', 14, 'Matematika Komputasi', 3, 1, 'Teori', 2017, NULL, NULL),
('KPTI1110', 15, 'Logika Informatika', 2, 1, 'Teori', 2017, NULL, NULL),
('PKKU1202', 16, 'Pendidikan Agama dan Peradaban Islam II', 2, 2, 'Teori', 2017, NULL, NULL),
('PKKU1205', 17, 'Pendidikan Kewarganegaraan dan Bela Negara', 2, 2, 'Teori', 2017, NULL, NULL),
('KKTI1206', 18, 'Bahasa Inggris I', 2, 2, 'Teori', 2017, NULL, NULL),
('KKTI1223', 20, 'Paktikum Pemrograman Lanjut', 1, 2, 'Praktikum', 2017, NULL, NULL),
('KPTI1211', 21, 'Matematika Komputasi Lanjutan', 3, 2, 'Teori', 2017, NULL, NULL),
('KPTI1212', 22, 'Sistem Digital', 2, 2, 'Teori', 2017, NULL, NULL),
('KPTI1213', 23, 'Arsitektur dan Organisasi Komputer', 2, 2, 'Teori', 2017, NULL, NULL),
('KPTI1218', 24, 'Algoritma Pemrograman', 3, 2, 'Teori', 2017, NULL, NULL),
('KPTI1219', 25, 'Praktikum Algoritma Pemrograman', 1, 2, 'Praktikum', 2017, NULL, NULL),
('KPTI2114', 26, 'Kewirausahaan I', 2, 3, 'Teori', 2017, NULL, NULL),
('KPTI2130', 27, 'Sistem Basis Data', 3, 3, 'Teori', 2017, NULL, NULL),
('KKTI2131', 28, 'Praktikum Basis Data', 1, 3, 'Praktikum', 2017, NULL, NULL),
('KKTI2124', 29, 'Desain Web', 2, 3, 'Teori', 2017, NULL, NULL),
('KKTI2125', 30, 'Praktikum Desain Web', 1, 3, 'Praktikum', 2017, NULL, NULL),
('KPTI2117', 31, 'Interaksi Manusia dan Komputer', 3, 3, 'Teori', 2017, NULL, NULL),
('KPTI2126', 32, 'Statistik dan Probabilitas', 3, 3, 'Teori', 2017, NULL, NULL),
('KKTI2128', 33, 'Pemrograman Berorientasi Objek', 2, 3, 'Teori', 2017, NULL, NULL),
('KKTI2129', 34, 'Praktikum Pemrograman Berorientasi Objek', 1, 3, 'Praktikum', 2017, NULL, NULL),
('KPTI2116', 35, 'Bahasa Inggris II', 2, 3, 'Teori', 2017, NULL, NULL),
('KPTI2232', 36, 'Jaringan Komputer', 3, 4, 'Teori', 2017, NULL, NULL),
('KKTI2233', 37, 'Praktikum Jaringan Komputer', 1, 4, 'Praktikum', 2017, NULL, NULL),
('KPTI2227', 38, 'Rekayasa Perangkat Lunak', 3, 4, 'Teori', 2017, NULL, NULL),
('KPTI2234', 39, 'Sistem Operasi', 2, 4, 'Teori', 2017, NULL, NULL),
('KKTI2235', 40, 'Praktikum Sistem Operasi', 1, 4, 'Praktikum', 2017, NULL, NULL),
('KKTI2236', 41, 'Pemrograman Web', 3, 4, 'Teori', 2017, NULL, NULL),
('KKTI2237', 42, 'Praktikum Pemrograman Web', 1, 4, 'Praktikum', 2017, NULL, NULL),
('KPTI2238', 43, 'Grafika Komputer', 3, 4, 'Teori', 2017, NULL, NULL),
('KPTI2239', 44, 'Analisa dan Perancangan Sistem', 2, 4, 'Teori', 2017, NULL, NULL),
('KKTI2215', 45, 'Kewirausahaan II', 2, 4, 'Teori', 2017, NULL, NULL),
('KKTI3140', 46, 'Pemrograman Web Lanjut', 3, 5, 'Teori', 2017, NULL, NULL),
('KPTI3141', 47, 'Kecerdasan Buatan', 3, 5, 'Teori', 2017, NULL, NULL),
('KKTI3142', 48, 'Jaringan Komputer Lanjut', 3, 5, 'Teori', 2017, NULL, NULL),
('KKTI3143', 49, 'Managemen Stategik', 2, 5, 'Teori', 2017, NULL, NULL),
('KPTI3144', 50, 'Sistem Pendukung Keputusan', 3, 5, 'Teori', 2017, NULL, NULL),
('KKTI3145', 51, 'Desain Analisis Algoritma', 3, 5, 'Teori', 2017, NULL, NULL),
('KPTI3146', 52, 'Pengantar E-Business', 3, 5, 'Teori', 2017, NULL, NULL),
('KKTI3247', 53, 'Metode Penelitian I (Jurnal)', 2, 6, 'Teori', 2017, NULL, NULL),
('KPTI3248', 54, 'Pengolahan Citra Digital', 3, 6, 'Teori', 2017, NULL, NULL),
('KKTI3249', 55, 'Managemen Proyek Perangkat Lunak', 2, 6, 'Teori', 2017, NULL, NULL),
('KMTI3256', 56, 'Praktek Kerja Lapangan', 3, 6, 'Teori', 2017, NULL, NULL),
('KKTI3250', 57, 'Sistem Pendukung Keputusan Lanjutan', 3, 6, 'Teori', 2017, NULL, NULL),
('KPTI3251', 58, 'Pengembangan Aplikasi Perangkat Bergerak', 3, 6, 'Teori', 2017, NULL, NULL),
('KKTI3259', 59, 'Data Mining', 3, 6, 'Teori', 2017, NULL, NULL),
('KKTI3260', 60, 'Sistem Pakar', 3, 6, 'Teori', 2017, NULL, NULL),
('KKTI3261', 61, 'Logika Fuzzy', 3, 6, 'Teori', 2017, NULL, NULL),
('KKTI3262', 62, 'Pengantar E-Commerce', 3, 6, 'Teori', 2017, NULL, NULL),
('KKTI3263', 63, 'Sistem Informasi Geografis', 3, 6, 'Teori', 2017, NULL, NULL),
('KPTI4152', 64, 'Etika Profesi Teknologi Informasi', 3, 7, 'Teori', 2017, NULL, NULL),
('KKTI4153', 65, 'Metode Penelitian II (Skripsi)', 2, 7, 'Teori', 2017, NULL, NULL),
('KPTI4155', 66, 'Managemen Teknologi Informasi', 2, 7, 'Teori', 2017, NULL, NULL),
('KKTI4154', 67, 'Multimedia', 3, 7, 'Teori', 2017, NULL, NULL),
('KPTI4157', 68, 'Pengujian Perangkat Lunak', 3, 7, 'TeorI', 2017, NULL, NULL),
('KKTI4164', 69, 'Administrasi Basis Data', 3, 7, 'Teori', 2017, NULL, NULL),
('KKTI4165', 70, 'Basis Data Terdistribusi', 3, 7, 'Teoori', 2017, NULL, NULL),
('KKTI4166', 71, 'Jaringan Syaraf Tiruan', 3, 7, 'Teori', 2017, NULL, NULL),
('KKTI4167', 72, 'Data Warehouse', 3, 7, 'Teori', 2017, NULL, NULL),
('KKTI4168', 73, 'Pola-pola Perancangan', 3, 7, 'Teori', 2017, NULL, NULL),
('KKTI4169', 74, 'Kriptografi', 3, 7, 'Teori', 2017, NULL, NULL),
('KKTI4170', 75, 'Analisa dan Desain Berorientasi Objek', 3, 7, 'Teori', 2017, NULL, NULL),
('KKK041101', 76, 'Pemrograman Dasar', 4, 1, 'Teori', 2022, NULL, NULL),
('KKP041101', 77, 'Pengantar Teknologi informasi', 3, 1, 'Teori', 2022, NULL, NULL),
('KKP041102', 78, 'Arsitektur dan Organisasi Komputer', 3, 1, 'Teori', 2022, NULL, NULL),
('KKP041103', 79, 'Logika Informatika', 3, 1, 'Teori', 2022, NULL, NULL),
('KPK001101', 80, 'Agama Islam', 2, 1, 'Teori', 2022, NULL, NULL),
('KPK001104', 81, 'Bahasa Indonesia', 2, 1, 'Teori', 2022, NULL, NULL),
('KPK001105', 82, 'Pancasila', 2, 1, 'Teori', 2022, NULL, NULL),
('KKK041201', 83, 'Pemrograman Berorientasi Objek', 4, 2, 'Teori', 2022, NULL, NULL),
('KKK041202', 84, 'Algoritma dan Struktur Data', 3, 2, 'Teori', 2022, NULL, NULL),
('KKP041201', 85, 'Matematika Komputasi', 3, 2, 'Teori', 2022, NULL, NULL),
('KKK041203', 86, 'Basis Data', 4, 2, 'Teori', 2022, NULL, NULL),
('KPK001202', 87, 'Pendidikan Agama dan Peradaban Islam', 2, 2, 'Teori', 2022, NULL, NULL),
('KPK001203', 88, 'Kewarganegaraan', 2, 2, 'Teori', 2022, NULL, NULL),
('KKP001201', 89, 'Bahasa Inggris', 2, 2, 'Teori', 2022, NULL, NULL),
('KKP042101', 90, 'Jaringan Komputer', 3, 3, 'Teori', 2022, NULL, NULL),
('KKP042102', 91, 'Analisa dan Perancangan Sistem', 3, 3, 'Teori', 2022, NULL, NULL),
('KKP042103', 92, 'Rekayasa Perangkat Lunak', 3, 3, 'Teori', 2022, NULL, NULL),
('KKP042104', 93, 'Metode Numerik', 3, 3, 'Teori', 2022, NULL, NULL),
('KKK042101', 94, 'Pemrograman Web', 3, 3, 'Teori', 2022, NULL, NULL),
('KKK002101', 95, 'Kewirausahaan Dasar', 2, 3, 'Teori', 2022, NULL, NULL),
('KKK002102', 96, 'Teknologi Informasi dan Komputer', 2, 3, 'Teori', 2022, NULL, NULL),
('KKP042201', 97, 'Jaringan Komputer Lanjut', 3, 4, 'Teori', 2022, NULL, NULL),
('KKK042201', 98, 'Pemrograman Web Lanjut ', 3, 4, 'Teori', 2022, NULL, NULL),
('KKK042202', 99, 'Multimedia', 3, 4, 'Teori', 2022, NULL, NULL),
('KKK042203', 100, 'Desain Web', 3, 4, 'Teori', 2022, NULL, NULL),
('KKP042202', 101, 'Interaksi Manusia Komputer', 3, 4, 'Teori', 2022, NULL, NULL),
('KKP042203', 102, 'Statistika', 3, 4, 'Teori', 2022, NULL, NULL),
('KKM002201', 103, 'Kewirausahaan Praktis', 2, 4, 'Teori', 2022, NULL, NULL),
('KKP043101', 104, 'Kecerdasan Komputasi', 3, 5, 'Teori', 2022, NULL, NULL),
('KKP043102', 105, 'Pemrograman API', 3, 5, 'Teori', 2022, NULL, NULL),
('KKK043101', 106, 'Manajemen Project Perangkat Lunak', 3, 5, 'Teori', 2022, NULL, NULL),
('KKP043103', 107, 'Pengolahan Citra Digital', 3, 5, 'Teori', 2022, NULL, NULL),
('KKP043104', 108, 'Sistem Operasi', 2, 5, 'Teori', 2022, NULL, NULL),
('KKP043105', 109, 'Administrasi Jaringan', 3, 5, 'Teori', 2022, NULL, NULL),
('KKK0431xx', 110, 'MK Penjurusan', 3, 5, 'Teori', 2022, NULL, NULL),
('KKK043201', 111, 'Digital Marketing', 3, 6, 'Teori', 2022, NULL, NULL),
('KKM043201', 112, 'Praktek Kerja Lapangan', 3, 6, 'Teori', 2022, NULL, NULL),
('KKK043202', 113, 'Etika Profesi', 3, 6, 'Teori', 2022, NULL, NULL),
('KKP043201', 114, 'Perancangan UI/UX', 3, 6, 'Teori', 2022, NULL, NULL),
('KKK0432xx', 115, 'MK Penjurusan', 6, 6, 'Teori', 2022, NULL, NULL),
('KKP044101', 116, 'Pengujian Perangkat Lunak', 3, 7, 'Teori', 2022, NULL, NULL),
('KKK044110', 117, 'Metodologi Penelitian', 2, 7, 'Teori', 2022, NULL, NULL),
('KKP044102', 118, 'Keamanan Informasi', 3, 7, 'Teori', 2022, NULL, NULL),
('KKM004102', 119, 'KKN', 3, 7, 'Teori', 2022, NULL, NULL),
('KKK0441xx', 120, 'MK Penjurusan', 9, 7, 'Teori', 2022, NULL, NULL),
('KKTI1222', 121, 'Pemrograman Lanjut', 3, 2, 'Teori', 2017, '2023-07-11 07:21:34', '2023-07-11 07:21:34');

-- --------------------------------------------------------

--
-- Struktur dari tabel `tb_pengampu`
--

CREATE TABLE `tb_pengampu` (
  `kode_pengampu` int(11) NOT NULL,
  `tahun_akademik` text NOT NULL,
  `matkul_id` varchar(100) DEFAULT NULL,
  `dosen_id` varchar(100) DEFAULT NULL,
  `kelas_id` varchar(100) DEFAULT NULL,
  `updated_at` timestamp NULL DEFAULT NULL,
  `created_at` timestamp NULL DEFAULT NULL,
  `ruang_id` varchar(100) DEFAULT NULL
) ENGINE=InnoDB DEFAULT CHARSET=utf8mb4 COLLATE=utf8mb4_general_ci;

--
-- Dumping data untuk tabel `tb_pengampu`
--

INSERT INTO `tb_pengampu` (`kode_pengampu`, `tahun_akademik`, `matkul_id`, `dosen_id`, `kelas_id`, `updated_at`, `created_at`, `ruang_id`) VALUES
(4, '20212', '17', '23', '9', '2023-07-11 09:50:29', NULL, NULL),
(8, '20212', '23', '30', '8', '2023-07-11 09:51:31', '2023-07-06 07:52:48', NULL),
(9, '20212', '36', '30', '12', '2023-07-11 09:51:38', '2023-07-06 07:55:24', NULL),
(10, '20212', '43', '32', '11', '2023-07-11 09:51:44', '2023-07-06 07:56:14', NULL),
(11, '20212', '43', '32', '12', '2023-07-11 09:51:50', '2023-07-06 07:57:19', NULL),
(12, '20212', '45', '34', '11', '2023-07-11 09:51:57', '2023-07-06 07:58:31', NULL),
(13, '20212', '45', '34', '12', '2023-07-11 09:52:05', '2023-07-06 07:59:04', NULL),
(14, '20212', '17', '23', '9', '2023-07-11 09:52:12', '2023-07-06 08:00:56', NULL),
(15, '20212', '62', '34', '19', '2023-07-11 09:52:20', '2023-07-06 08:03:38', NULL),
(17, '20212', '42', '22', '12', '2023-07-11 09:52:26', '2023-07-06 08:05:26', NULL),
(18, '20212', '24', '18', '8', '2023-07-11 09:52:45', '2023-07-06 08:05:57', NULL),
(19, '20212', '57', '17', '15', '2023-07-11 09:52:56', '2023-07-06 08:09:40', NULL),
(20, '20212', '24', '17', '9', '2023-07-11 09:53:06', '2023-07-06 08:11:19', NULL),
(21, '20212', '22', '33', '9', '2023-07-11 09:53:12', '2023-07-06 08:13:41', NULL),
(22, '20212', '22', '33', '8', '2023-07-11 09:53:19', '2023-07-06 08:14:05', NULL),
(23, '20212', '38', '18', '11', '2023-07-11 09:53:55', '2023-07-06 08:14:56', NULL),
(24, '20212', '58', '20', '14', '2023-07-11 09:54:01', '2023-07-06 08:16:03', NULL),
(25, '20212', '58', '20', '15', '2023-07-11 09:54:09', '2023-07-06 08:16:25', NULL),
(26, '20212', '40', '26', '12', '2023-07-11 09:54:16', '2023-07-06 08:17:11', NULL),
(27, '20212', '42', '26', '11', '2023-07-11 09:54:24', '2023-07-06 08:17:54', NULL),
(28, '20212', '21', '19', '8', '2023-07-11 09:54:33', '2023-07-06 08:18:46', NULL),
(29, '20212', '21', '19', '9', '2023-07-11 09:54:42', '2023-07-06 08:19:06', NULL),
(30, '20212', '16', '35', '8', '2023-07-11 09:54:50', '2023-07-06 08:19:39', NULL),
(32, '20212', '36', '37', '11', '2023-07-11 09:54:57', '2023-07-06 08:20:38', NULL),
(33, '20212', '54', '32', '14', '2023-07-11 09:55:05', '2023-07-06 08:21:17', NULL),
(34, '20212', '38', '18', '12', '2023-07-11 09:55:14', '2023-07-06 08:22:54', NULL),
(35, '20212', '44', '17', '12', '2023-07-11 09:55:22', '2023-07-06 08:24:02', NULL),
(36, '20212', '39', '26', '12', '2023-07-11 09:55:29', '2023-07-06 08:24:37', NULL),
(37, '20212', '57', '26', '14', '2023-07-11 09:55:38', '2023-07-06 08:25:21', NULL),
(38, '20212', '25', '18', '8', '2023-07-11 09:55:59', '2023-07-06 08:26:27', NULL),
(39, '20212', '25', '17', '9', '2023-07-11 09:55:48', '2023-07-06 08:27:06', NULL),
(40, '20212', '37', '30', '12', '2023-07-11 09:56:09', '2023-07-06 08:28:39', NULL),
(41, '20212', '16', '35', '9', '2023-07-11 09:56:18', '2023-07-06 08:29:36', NULL),
(42, '20212', '55', '25', '15', '2023-07-11 09:56:27', '2023-07-06 08:31:32', NULL),
(43, '20212', '54', '25', '15', '2023-07-11 09:56:36', '2023-07-06 08:33:54', NULL),
(44, '20212', '23', '25', '9', '2023-07-11 09:56:49', '2023-07-06 08:34:30', NULL),
(45, '20212', '53', '19', '15', '2023-07-11 09:56:58', '2023-07-06 08:35:40', NULL),
(46, '20212', '41', '26', '11', '2023-07-11 09:57:06', '2023-07-06 08:37:18', NULL),
(47, '20212', '39', '36', '11', '2023-07-11 09:57:14', '2023-07-06 08:37:49', NULL),
(48, '20212', '55', '18', '14', '2023-07-11 09:57:25', '2023-07-06 08:38:30', NULL),
(49, '20212', '20', '20', '8', '2023-07-11 09:57:35', '2023-07-06 08:39:14', NULL),
(50, '20212', '20', '37', '9', '2023-07-11 09:57:42', '2023-07-06 08:39:44', NULL),
(51, '20212', '37', '37', '11', '2023-07-11 09:57:50', '2023-07-06 08:40:24', NULL),
(52, '20212', '18', '28', '8', '2023-07-11 09:57:58', '2023-07-06 08:40:58', NULL),
(53, '20212', '18', '28', '9', '2023-07-11 09:58:05', '2023-07-06 08:41:16', NULL),
(54, '20212', '41', '22', '12', '2023-07-11 09:58:15', '2023-07-06 08:41:54', NULL),
(55, '20212', '40', '36', '11', '2023-07-11 09:58:24', '2023-07-06 08:42:32', NULL),
(56, '20212', '59', '20', '20', '2023-07-11 09:58:55', '2023-07-06 08:43:28', NULL),
(57, '20212', '53', '19', '14', '2023-07-11 09:59:09', '2023-07-06 08:44:03', NULL),
(58, '20212', '44', '18', '11', '2023-07-11 09:59:18', '2023-07-06 08:44:36', NULL),
(59, '20212', '121', '22', '9', '2023-07-11 09:49:33', '2023-07-11 09:49:33', NULL),
(60, '20212', '121', '20', '8', '2023-07-11 09:50:13', '2023-07-11 09:50:13', NULL);

-- --------------------------------------------------------

--
-- Struktur dari tabel `tb_penjadwalan`
--

CREATE TABLE `tb_penjadwalan` (
  `id` int(11) NOT NULL,
  `start_time` time DEFAULT NULL,
  `matkul_id` int(11) DEFAULT NULL,
  `kelas_id` int(11) DEFAULT NULL,
  `end_time` time DEFAULT NULL,
  `dosen_id` int(11) DEFAULT NULL,
  `updated_at` timestamp NULL DEFAULT NULL,
  `created_at` timestamp NULL DEFAULT NULL,
  `ruang_id` int(11) DEFAULT NULL,
  `day` varchar(10) DEFAULT NULL
) ENGINE=InnoDB DEFAULT CHARSET=utf8mb4 COLLATE=utf8mb4_general_ci;

--
-- Dumping data untuk tabel `tb_penjadwalan`
--

INSERT INTO `tb_penjadwalan` (`id`, `start_time`, `matkul_id`, `kelas_id`, `end_time`, `dosen_id`, `updated_at`, `created_at`, `ruang_id`, `day`) VALUES
(1, '12:50:00', 38, 11, '15:20:00', 18, '2023-07-11 09:23:04', '2023-07-11 09:23:04', 3, 'Senin'),
(2, '20:20:00', 39, 12, '22:00:00', 26, '2023-07-11 09:23:04', '2023-07-11 09:23:04', 4, 'Senin'),
(3, '03:00:00', 45, 12, '04:40:00', 34, '2023-07-11 09:23:04', '2023-07-11 09:23:04', 7, 'Senin'),
(4, '09:40:00', 39, 11, '11:20:00', 36, '2023-07-11 09:23:04', '2023-07-11 09:23:04', 3, 'Senin'),
(5, '18:00:00', 17, 9, '19:40:00', 23, '2023-07-11 09:23:04', '2023-07-11 09:23:04', 4, 'Senin'),
(6, '01:30:00', 44, 11, '03:10:00', 18, '2023-07-11 09:23:05', '2023-07-11 09:23:05', 7, 'Senin'),
(7, '08:10:00', 54, 14, '10:40:00', 32, '2023-07-11 09:23:05', '2023-07-11 09:23:05', 3, 'Senin'),
(8, '17:20:00', 55, 14, '19:00:00', 18, '2023-07-11 09:23:05', '2023-07-11 09:23:05', 4, 'Senin'),
(9, '00:00:00', 42, 12, '00:50:00', 22, '2023-07-11 09:23:05', '2023-07-11 09:23:05', 8, 'Senin'),
(10, '06:40:00', 45, 11, '08:20:00', 34, '2023-07-11 09:23:05', '2023-07-11 09:23:05', 3, 'Senin'),
(11, '14:10:00', 24, 9, '16:40:00', 17, '2023-07-11 09:23:05', '2023-07-11 09:23:05', 4, 'Senin'),
(12, '00:10:00', 18, 8, '01:50:00', 28, '2023-07-11 09:23:05', '2023-07-11 09:23:05', 3, 'Senin'),
(13, '10:20:00', 58, 14, '12:50:00', 20, '2023-07-11 09:23:05', '2023-07-11 09:23:05', 4, 'Selasa'),
(14, '18:40:00', 17, 9, '20:20:00', 23, '2023-07-11 09:23:05', '2023-07-11 09:23:05', 7, 'Selasa'),
(15, '00:30:00', 21, 8, '03:00:00', 19, '2023-07-11 09:23:05', '2023-07-11 09:23:05', 3, 'Selasa'),
(16, '08:00:00', 23, 9, '09:40:00', 25, '2023-07-11 09:23:05', '2023-07-11 09:23:05', 4, 'Selasa'),
(17, '15:30:00', 24, 8, '18:00:00', 18, '2023-07-11 09:23:05', '2023-07-11 09:23:05', 7, 'Selasa'),
(18, '01:30:00', 44, 11, '03:10:00', 18, '2023-07-11 09:23:06', '2023-07-11 09:23:06', 4, 'Selasa'),
(19, '08:10:00', 54, 14, '10:40:00', 32, '2023-07-11 09:23:06', '2023-07-11 09:23:06', 7, 'Selasa'),
(20, '17:20:00', 55, 14, '19:00:00', 18, '2023-07-11 09:23:06', '2023-07-11 09:23:06', 3, 'Selasa'),
(21, '00:00:00', 42, 12, '00:50:00', 22, '2023-07-11 09:23:06', '2023-07-11 09:23:06', 8, 'Selasa'),
(22, '06:40:00', 45, 11, '08:20:00', 34, '2023-07-11 09:23:06', '2023-07-11 09:23:06', 7, 'Selasa'),
(23, '14:10:00', 24, 9, '16:40:00', 17, '2023-07-11 09:23:06', '2023-07-11 09:23:06', 3, 'Selasa'),
(24, '00:10:00', 18, 8, '01:50:00', 28, '2023-07-11 09:23:06', '2023-07-11 09:23:06', 7, 'Selasa'),
(25, '10:20:00', 58, 14, '12:50:00', 20, '2023-07-11 09:23:06', '2023-07-11 09:23:06', 3, 'Rabu'),
(26, '18:40:00', 17, 9, '20:20:00', 23, '2023-07-11 09:23:06', '2023-07-11 09:23:06', 4, 'Rabu'),
(27, '00:30:00', 21, 8, '03:00:00', 19, '2023-07-11 09:23:06', '2023-07-11 09:23:06', 7, 'Rabu'),
(28, '08:00:00', 23, 9, '09:40:00', 25, '2023-07-11 09:23:06', '2023-07-11 09:23:06', 3, 'Rabu'),
(29, '15:30:00', 24, 8, '18:00:00', 18, '2023-07-11 09:23:06', '2023-07-11 09:23:06', 4, 'Rabu'),
(30, '01:30:00', 44, 11, '03:10:00', 18, '2023-07-11 09:23:06', '2023-07-11 09:23:06', 3, 'Rabu'),
(31, '08:10:00', 54, 14, '10:40:00', 32, '2023-07-11 09:23:06', '2023-07-11 09:23:06', 4, 'Rabu'),
(32, '17:20:00', 55, 14, '19:00:00', 18, '2023-07-11 09:23:06', '2023-07-11 09:23:06', 7, 'Rabu'),
(33, '00:00:00', 42, 12, '00:50:00', 22, '2023-07-11 09:23:07', '2023-07-11 09:23:07', 8, 'Rabu'),
(34, '06:40:00', 45, 11, '08:20:00', 34, '2023-07-11 09:23:07', '2023-07-11 09:23:07', 4, 'Rabu'),
(35, '14:10:00', 24, 9, '16:40:00', 17, '2023-07-11 09:23:07', '2023-07-11 09:23:07', 7, 'Rabu'),
(36, '00:10:00', 18, 8, '01:50:00', 28, '2023-07-11 09:23:07', '2023-07-11 09:23:07', 4, 'Rabu'),
(37, '10:20:00', 58, 14, '12:50:00', 20, '2023-07-11 09:23:07', '2023-07-11 09:23:07', 7, 'Kamis'),
(38, '18:40:00', 17, 9, '20:20:00', 23, '2023-07-11 09:23:07', '2023-07-11 09:23:07', 3, 'Kamis'),
(39, '00:30:00', 21, 8, '03:00:00', 19, '2023-07-11 09:23:07', '2023-07-11 09:23:07', 4, 'Kamis'),
(40, '08:00:00', 23, 9, '09:40:00', 25, '2023-07-11 09:23:07', '2023-07-11 09:23:07', 7, 'Kamis'),
(41, '15:30:00', 24, 8, '18:00:00', 18, '2023-07-11 09:23:07', '2023-07-11 09:23:07', 3, 'Kamis'),
(42, '01:30:00', 44, 11, '03:10:00', 18, '2023-07-11 09:23:07', '2023-07-11 09:23:07', 7, 'Kamis'),
(43, '08:10:00', 54, 14, '10:40:00', 32, '2023-07-11 09:23:07', '2023-07-11 09:23:07', 3, 'Kamis'),
(44, '17:20:00', 55, 14, '19:00:00', 18, '2023-07-11 09:23:07', '2023-07-11 09:23:07', 4, 'Kamis'),
(45, '00:00:00', 42, 12, '00:50:00', 22, '2023-07-11 09:23:07', '2023-07-11 09:23:07', 8, 'Kamis'),
(46, '06:40:00', 45, 11, '08:20:00', 34, '2023-07-11 09:23:07', '2023-07-11 09:23:07', 3, 'Kamis'),
(47, '14:10:00', 24, 9, '16:40:00', 17, '2023-07-11 09:23:08', '2023-07-11 09:23:08', 4, 'Kamis'),
(48, '00:10:00', 18, 8, '01:50:00', 28, '2023-07-11 09:23:08', '2023-07-11 09:23:08', 3, 'Kamis'),
(49, '18:40:00', 17, 9, '20:20:00', 23, '2023-07-11 09:23:08', '2023-07-11 09:23:08', 7, 'Jumat'),
(50, '20:20:00', 39, 12, '22:00:00', 26, '2023-07-11 09:23:08', '2023-07-11 09:23:08', 8, 'Jumat'),
(51, '22:00:00', 25, 8, '22:50:00', 18, '2023-07-11 09:23:08', '2023-07-11 09:23:08', 8, 'Jumat'),
(52, '22:50:00', 53, 15, '00:30:00', 19, '2023-07-11 09:23:08', '2023-07-11 09:23:08', 7, 'Jumat'),
(53, '18:00:00', 17, 9, '19:40:00', 23, '2023-07-11 09:23:08', '2023-07-11 09:23:08', 8, 'Jumat'),
(54, '22:10:00', 44, 12, '23:50:00', 17, '2023-07-11 09:23:08', '2023-07-11 09:23:08', 7, 'Jumat'),
(55, '23:50:00', 55, 15, '01:30:00', 25, '2023-07-11 09:23:08', '2023-07-11 09:23:08', 8, 'Jumat'),
(56, '15:40:00', 22, 8, '17:20:00', 33, '2023-07-11 09:23:08', '2023-07-11 09:23:08', 7, 'Jumat'),
(57, '17:20:00', 55, 14, '19:00:00', 18, '2023-07-11 09:23:08', '2023-07-11 09:23:08', 8, 'Jumat'),
(58, '19:00:00', 53, 14, '20:40:00', 19, '2023-07-11 09:23:08', '2023-07-11 09:23:08', 8, 'Jumat'),
(59, '20:40:00', 20, 8, '21:30:00', 20, '2023-07-11 09:23:08', '2023-07-11 09:23:08', 8, 'Jumat'),
(60, '00:00:00', 42, 12, '00:50:00', 22, '2023-07-11 09:23:08', '2023-07-11 09:23:08', 8, 'Jumat'),
(61, '19:10:00', 25, 9, '20:00:00', 17, '2023-07-11 09:23:08', '2023-07-11 09:23:08', 8, 'Jumat'),
(62, '20:00:00', 18, 9, '21:40:00', 28, '2023-07-11 09:23:08', '2023-07-11 09:23:08', 8, 'Jumat'),
(63, '00:10:00', 18, 8, '01:50:00', 28, '2023-07-11 09:23:08', '2023-07-11 09:23:08', 8, 'Jumat'),
(64, '12:00:00', 42, 12, '12:50:00', 22, '2023-07-11 09:23:11', '2023-07-11 09:23:11', 8, 'Senin'),
(65, '18:40:00', 25, 8, '19:30:00', 18, '2023-07-11 09:23:11', '2023-07-11 09:23:11', 8, 'Senin'),
(66, '00:30:00', 25, 9, '01:20:00', 17, '2023-07-11 09:23:11', '2023-07-11 09:23:11', 8, 'Senin'),
(67, '08:00:00', 39, 12, '09:40:00', 26, '2023-07-11 09:23:12', '2023-07-11 09:23:12', 8, 'Senin'),
(68, '15:30:00', 42, 11, '16:20:00', 26, '2023-07-11 09:23:12', '2023-07-11 09:23:12', 8, 'Senin'),
(69, '01:30:00', 38, 12, '04:00:00', 18, '2023-07-11 09:23:12', '2023-07-11 09:23:12', 8, 'Senin'),
(70, '10:40:00', 22, 9, '12:20:00', 33, '2023-07-11 09:23:12', '2023-07-11 09:23:12', 8, 'Senin'),
(71, '19:00:00', 44, 11, '20:40:00', 18, '2023-07-11 09:23:12', '2023-07-11 09:23:12', 8, 'Senin'),
(72, '01:40:00', 37, 12, '02:30:00', 30, '2023-07-11 09:23:12', '2023-07-11 09:23:12', 8, 'Senin'),
(73, '09:10:00', 23, 8, '10:50:00', 30, '2023-07-11 09:23:12', '2023-07-11 09:23:12', 8, 'Senin'),
(74, '17:30:00', 16, 8, '19:10:00', 35, '2023-07-11 09:23:12', '2023-07-11 09:23:12', 8, 'Senin'),
(75, '00:10:00', 57, 15, '02:40:00', 17, '2023-07-11 09:23:12', '2023-07-11 09:23:12', 8, 'Senin'),
(76, '12:00:00', 42, 12, '12:50:00', 22, '2023-07-11 09:23:12', '2023-07-11 09:23:12', 8, 'Selasa'),
(77, '18:40:00', 25, 8, '19:30:00', 18, '2023-07-11 09:23:12', '2023-07-11 09:23:12', 8, 'Selasa'),
(78, '00:30:00', 25, 9, '01:20:00', 17, '2023-07-11 09:23:12', '2023-07-11 09:23:12', 8, 'Selasa'),
(79, '08:00:00', 39, 12, '09:40:00', 26, '2023-07-11 09:23:12', '2023-07-11 09:23:12', 8, 'Selasa'),
(80, '15:30:00', 42, 11, '16:20:00', 26, '2023-07-11 09:23:12', '2023-07-11 09:23:12', 8, 'Selasa'),
(81, '01:30:00', 38, 12, '04:00:00', 18, '2023-07-11 09:23:12', '2023-07-11 09:23:12', 8, 'Selasa'),
(82, '10:40:00', 22, 9, '12:20:00', 33, '2023-07-11 09:23:12', '2023-07-11 09:23:12', 8, 'Selasa'),
(83, '19:00:00', 44, 11, '20:40:00', 18, '2023-07-11 09:23:12', '2023-07-11 09:23:12', 8, 'Selasa'),
(84, '01:40:00', 37, 12, '02:30:00', 30, '2023-07-11 09:23:12', '2023-07-11 09:23:12', 8, 'Selasa'),
(85, '09:10:00', 23, 8, '10:50:00', 30, '2023-07-11 09:23:12', '2023-07-11 09:23:12', 8, 'Selasa'),
(86, '17:30:00', 16, 8, '19:10:00', 35, '2023-07-11 09:23:12', '2023-07-11 09:23:12', 8, 'Selasa'),
(87, '00:10:00', 57, 15, '02:40:00', 17, '2023-07-11 09:23:12', '2023-07-11 09:23:12', 8, 'Selasa'),
(88, '12:00:00', 42, 12, '12:50:00', 22, '2023-07-11 09:23:13', '2023-07-11 09:23:13', 8, 'Rabu'),
(89, '18:40:00', 25, 8, '19:30:00', 18, '2023-07-11 09:23:13', '2023-07-11 09:23:13', 8, 'Rabu'),
(90, '00:30:00', 25, 9, '01:20:00', 17, '2023-07-11 09:23:13', '2023-07-11 09:23:13', 8, 'Rabu'),
(91, '08:00:00', 39, 12, '09:40:00', 26, '2023-07-11 09:23:13', '2023-07-11 09:23:13', 8, 'Rabu'),
(92, '15:30:00', 42, 11, '16:20:00', 26, '2023-07-11 09:23:13', '2023-07-11 09:23:13', 8, 'Rabu'),
(93, '01:30:00', 38, 12, '04:00:00', 18, '2023-07-11 09:23:13', '2023-07-11 09:23:13', 8, 'Rabu'),
(94, '10:40:00', 22, 9, '12:20:00', 33, '2023-07-11 09:23:13', '2023-07-11 09:23:13', 8, 'Rabu'),
(95, '19:00:00', 44, 11, '20:40:00', 18, '2023-07-11 09:23:13', '2023-07-11 09:23:13', 8, 'Rabu'),
(96, '01:40:00', 37, 12, '02:30:00', 30, '2023-07-11 09:23:13', '2023-07-11 09:23:13', 8, 'Rabu'),
(97, '09:10:00', 23, 8, '10:50:00', 30, '2023-07-11 09:23:13', '2023-07-11 09:23:13', 8, 'Rabu'),
(98, '17:30:00', 16, 8, '19:10:00', 35, '2023-07-11 09:23:13', '2023-07-11 09:23:13', 8, 'Rabu'),
(99, '00:10:00', 57, 15, '02:40:00', 17, '2023-07-11 09:23:13', '2023-07-11 09:23:13', 8, 'Rabu'),
(100, '12:00:00', 42, 12, '12:50:00', 22, '2023-07-11 09:23:13', '2023-07-11 09:23:13', 8, 'Kamis'),
(101, '18:40:00', 25, 8, '19:30:00', 18, '2023-07-11 09:23:13', '2023-07-11 09:23:13', 8, 'Kamis'),
(102, '00:30:00', 25, 9, '01:20:00', 17, '2023-07-11 09:23:13', '2023-07-11 09:23:13', 8, 'Kamis'),
(103, '08:00:00', 39, 12, '09:40:00', 26, '2023-07-11 09:23:13', '2023-07-11 09:23:13', 8, 'Kamis'),
(104, '15:30:00', 42, 11, '16:20:00', 26, '2023-07-11 09:23:13', '2023-07-11 09:23:13', 8, 'Kamis'),
(105, '01:30:00', 38, 12, '04:00:00', 18, '2023-07-11 09:23:13', '2023-07-11 09:23:13', 8, 'Kamis'),
(106, '10:40:00', 22, 9, '12:20:00', 33, '2023-07-11 09:23:13', '2023-07-11 09:23:13', 8, 'Kamis'),
(107, '19:00:00', 44, 11, '20:40:00', 18, '2023-07-11 09:23:13', '2023-07-11 09:23:13', 8, 'Kamis'),
(108, '01:40:00', 37, 12, '02:30:00', 30, '2023-07-11 09:23:13', '2023-07-11 09:23:13', 8, 'Kamis'),
(109, '09:10:00', 23, 8, '10:50:00', 30, '2023-07-11 09:23:13', '2023-07-11 09:23:13', 8, 'Kamis'),
(110, '17:30:00', 16, 8, '19:10:00', 35, '2023-07-11 09:23:14', '2023-07-11 09:23:14', 8, 'Kamis'),
(111, '00:10:00', 57, 15, '02:40:00', 17, '2023-07-11 09:23:14', '2023-07-11 09:23:14', 8, 'Kamis'),
(112, '17:00:00', 44, 12, '18:40:00', 17, '2023-07-11 09:23:14', '2023-07-11 09:23:14', 8, 'Jumat'),
(113, '18:40:00', 25, 8, '19:30:00', 18, '2023-07-11 09:23:14', '2023-07-11 09:23:14', 8, 'Jumat'),
(114, '22:00:00', 45, 12, '23:40:00', 34, '2023-07-11 09:23:14', '2023-07-11 09:23:14', 8, 'Jumat'),
(115, '23:40:00', 37, 11, '00:30:00', 37, '2023-07-11 09:23:14', '2023-07-11 09:23:14', 8, 'Jumat'),
(116, '00:30:00', 25, 9, '01:20:00', 17, '2023-07-11 09:23:14', '2023-07-11 09:23:14', 8, 'Jumat'),
(117, '16:20:00', 20, 9, '17:10:00', 37, '2023-07-11 09:23:14', '2023-07-11 09:23:14', 8, 'Jumat'),
(118, '17:10:00', 17, 9, '18:50:00', 23, '2023-07-11 09:23:14', '2023-07-11 09:23:14', 8, 'Jumat'),
(119, '21:20:00', 53, 15, '23:00:00', 19, '2023-07-11 09:23:14', '2023-07-11 09:23:14', 8, 'Jumat'),
(120, '19:00:00', 44, 11, '20:40:00', 18, '2023-07-11 09:23:14', '2023-07-11 09:23:14', 8, 'Jumat'),
(121, '20:40:00', 20, 8, '21:30:00', 20, '2023-07-11 09:23:14', '2023-07-11 09:23:14', 8, 'Jumat'),
(122, '21:30:00', 17, 9, '23:10:00', 23, '2023-07-11 09:23:14', '2023-07-11 09:23:14', 8, 'Jumat'),
(123, '17:30:00', 16, 8, '19:10:00', 35, '2023-07-11 09:23:14', '2023-07-11 09:23:14', 8, 'Jumat'),
(124, '19:10:00', 40, 11, '20:00:00', 36, '2023-07-11 09:23:14', '2023-07-11 09:23:14', 8, 'Jumat'),
(125, '22:30:00', 22, 8, '00:10:00', 33, '2023-07-11 09:23:14', '2023-07-11 09:23:14', 8, 'Jumat'),
(126, '12:00:00', 38, 12, '14:30:00', 18, '2023-07-11 09:23:25', '2023-07-11 09:23:25', 8, 'Senin'),
(127, '18:40:00', 53, 15, '20:20:00', 19, '2023-07-11 09:23:25', '2023-07-11 09:23:25', 8, 'Senin'),
(128, '02:10:00', 57, 15, '04:40:00', 17, '2023-07-11 09:23:25', '2023-07-11 09:23:25', 8, 'Senin'),
(129, '08:50:00', 41, 11, '11:20:00', 26, '2023-07-11 09:23:25', '2023-07-11 09:23:25', 8, 'Senin'),
(130, '17:10:00', 25, 9, '18:00:00', 17, '2023-07-11 09:23:25', '2023-07-11 09:23:25', 8, 'Senin'),
(131, '00:40:00', 45, 12, '02:20:00', 34, '2023-07-11 09:23:25', '2023-07-11 09:23:25', 8, 'Senin'),
(132, '09:00:00', 55, 14, '10:40:00', 18, '2023-07-11 09:23:25', '2023-07-11 09:23:25', 8, 'Senin'),
(133, '16:30:00', 57, 14, '19:00:00', 26, '2023-07-11 09:23:25', '2023-07-11 09:23:25', 8, 'Senin'),
(134, '01:40:00', 43, 12, '04:10:00', 32, '2023-07-11 09:23:26', '2023-07-11 09:23:26', 8, 'Senin'),
(135, '08:20:00', 40, 12, '09:10:00', 26, '2023-07-11 09:23:26', '2023-07-11 09:23:26', 8, 'Senin'),
(136, '15:00:00', 22, 9, '16:40:00', 33, '2023-07-11 09:23:26', '2023-07-11 09:23:26', 8, 'Senin'),
(137, '00:10:00', 16, 8, '01:50:00', 35, '2023-07-11 09:23:26', '2023-07-11 09:23:26', 8, 'Senin'),
(138, '10:20:00', 16, 9, '12:00:00', 35, '2023-07-11 09:23:26', '2023-07-11 09:23:26', 8, 'Selasa'),
(139, '17:50:00', 20, 8, '18:40:00', 20, '2023-07-11 09:23:26', '2023-07-11 09:23:26', 8, 'Selasa'),
(140, '02:10:00', 57, 15, '04:40:00', 17, '2023-07-11 09:23:26', '2023-07-11 09:23:26', 8, 'Selasa'),
(141, '08:50:00', 41, 11, '11:20:00', 26, '2023-07-11 09:23:26', '2023-07-11 09:23:26', 8, 'Selasa'),
(142, '17:10:00', 25, 9, '18:00:00', 17, '2023-07-11 09:23:26', '2023-07-11 09:23:26', 8, 'Selasa'),
(143, '00:40:00', 45, 12, '02:20:00', 34, '2023-07-11 09:23:26', '2023-07-11 09:23:26', 8, 'Selasa'),
(144, '09:00:00', 55, 14, '10:40:00', 18, '2023-07-11 09:23:26', '2023-07-11 09:23:26', 8, 'Selasa'),
(145, '16:30:00', 57, 14, '19:00:00', 26, '2023-07-11 09:23:26', '2023-07-11 09:23:26', 8, 'Selasa'),
(146, '01:40:00', 43, 12, '04:10:00', 32, '2023-07-11 09:23:27', '2023-07-11 09:23:27', 8, 'Selasa'),
(147, '08:20:00', 40, 12, '09:10:00', 26, '2023-07-11 09:23:27', '2023-07-11 09:23:27', 8, 'Selasa'),
(148, '15:00:00', 22, 9, '16:40:00', 33, '2023-07-11 09:23:27', '2023-07-11 09:23:27', 8, 'Selasa'),
(149, '00:10:00', 16, 8, '01:50:00', 35, '2023-07-11 09:23:27', '2023-07-11 09:23:27', 8, 'Selasa'),
(150, '10:20:00', 16, 9, '12:00:00', 35, '2023-07-11 09:23:27', '2023-07-11 09:23:27', 8, 'Rabu'),
(151, '17:50:00', 20, 8, '18:40:00', 20, '2023-07-11 09:23:27', '2023-07-11 09:23:27', 8, 'Rabu'),
(152, '02:10:00', 57, 15, '04:40:00', 17, '2023-07-11 09:23:27', '2023-07-11 09:23:27', 8, 'Rabu'),
(153, '08:50:00', 41, 11, '11:20:00', 26, '2023-07-11 09:23:27', '2023-07-11 09:23:27', 8, 'Rabu'),
(154, '17:10:00', 25, 9, '18:00:00', 17, '2023-07-11 09:23:27', '2023-07-11 09:23:27', 8, 'Rabu'),
(155, '00:40:00', 45, 12, '02:20:00', 34, '2023-07-11 09:23:27', '2023-07-11 09:23:27', 8, 'Rabu'),
(156, '09:00:00', 55, 14, '10:40:00', 18, '2023-07-11 09:23:27', '2023-07-11 09:23:27', 8, 'Rabu'),
(157, '16:30:00', 57, 14, '19:00:00', 26, '2023-07-11 09:23:27', '2023-07-11 09:23:27', 8, 'Rabu'),
(158, '01:40:00', 43, 12, '04:10:00', 32, '2023-07-11 09:23:27', '2023-07-11 09:23:27', 8, 'Rabu'),
(159, '08:20:00', 40, 12, '09:10:00', 26, '2023-07-11 09:23:27', '2023-07-11 09:23:27', 8, 'Rabu'),
(160, '15:00:00', 22, 9, '16:40:00', 33, '2023-07-11 09:23:27', '2023-07-11 09:23:27', 8, 'Rabu'),
(161, '00:10:00', 16, 8, '01:50:00', 35, '2023-07-11 09:23:28', '2023-07-11 09:23:28', 8, 'Rabu'),
(162, '10:20:00', 16, 9, '12:00:00', 35, '2023-07-11 09:23:28', '2023-07-11 09:23:28', 8, 'Kamis'),
(163, '17:50:00', 20, 8, '18:40:00', 20, '2023-07-11 09:23:28', '2023-07-11 09:23:28', 8, 'Kamis'),
(164, '02:10:00', 57, 15, '04:40:00', 17, '2023-07-11 09:23:28', '2023-07-11 09:23:28', 8, 'Kamis'),
(165, '08:50:00', 41, 11, '11:20:00', 26, '2023-07-11 09:23:28', '2023-07-11 09:23:28', 8, 'Kamis'),
(166, '17:10:00', 25, 9, '18:00:00', 17, '2023-07-11 09:23:28', '2023-07-11 09:23:28', 8, 'Kamis'),
(167, '00:40:00', 45, 12, '02:20:00', 34, '2023-07-11 09:23:28', '2023-07-11 09:23:28', 8, 'Kamis'),
(168, '09:00:00', 55, 14, '10:40:00', 18, '2023-07-11 09:23:28', '2023-07-11 09:23:28', 8, 'Kamis'),
(169, '16:30:00', 57, 14, '19:00:00', 26, '2023-07-11 09:23:28', '2023-07-11 09:23:28', 8, 'Kamis'),
(170, '01:40:00', 43, 12, '04:10:00', 32, '2023-07-11 09:23:28', '2023-07-11 09:23:28', 8, 'Kamis'),
(171, '08:20:00', 40, 12, '09:10:00', 26, '2023-07-11 09:23:28', '2023-07-11 09:23:28', 8, 'Kamis'),
(172, '15:00:00', 22, 9, '16:40:00', 33, '2023-07-11 09:23:28', '2023-07-11 09:23:28', 8, 'Kamis'),
(173, '00:10:00', 16, 8, '01:50:00', 35, '2023-07-11 09:23:28', '2023-07-11 09:23:28', 8, 'Kamis'),
(174, '17:50:00', 20, 8, '18:40:00', 20, '2023-07-11 09:23:28', '2023-07-11 09:23:28', 8, 'Jumat'),
(175, '18:40:00', 53, 15, '20:20:00', 19, '2023-07-11 09:23:28', '2023-07-11 09:23:28', 8, 'Jumat'),
(176, '20:20:00', 44, 12, '22:00:00', 17, '2023-07-11 09:23:28', '2023-07-11 09:23:28', 8, 'Jumat'),
(177, '22:00:00', 45, 11, '23:40:00', 34, '2023-07-11 09:23:28', '2023-07-11 09:23:28', 8, 'Jumat'),
(178, '17:10:00', 25, 9, '18:00:00', 17, '2023-07-11 09:23:29', '2023-07-11 09:23:29', 8, 'Jumat'),
(179, '23:00:00', 39, 12, '00:40:00', 26, '2023-07-11 09:23:29', '2023-07-11 09:23:29', 8, 'Jumat'),
(180, '00:40:00', 45, 12, '02:20:00', 34, '2023-07-11 09:23:29', '2023-07-11 09:23:29', 8, 'Jumat'),
(181, '15:40:00', 37, 12, '16:30:00', 30, '2023-07-11 09:23:29', '2023-07-11 09:23:29', 8, 'Jumat'),
(182, '19:00:00', 17, 9, '20:40:00', 23, '2023-07-11 09:23:29', '2023-07-11 09:23:29', 8, 'Jumat'),
(183, '16:40:00', 53, 14, '18:20:00', 19, '2023-07-11 09:23:29', '2023-07-11 09:23:29', 8, 'Jumat'),
(184, '18:20:00', 20, 9, '19:10:00', 37, '2023-07-11 09:23:29', '2023-07-11 09:23:29', 8, 'Jumat'),
(185, '00:10:00', 16, 8, '01:50:00', 35, '2023-07-11 09:23:29', '2023-07-11 09:23:29', 8, 'Jumat'),
(186, '12:50:00', 58, 15, '15:20:00', 20, '2023-07-11 09:24:12', '2023-07-11 09:24:12', 3, 'Senin'),
(187, '17:50:00', 44, 11, '19:30:00', 18, '2023-07-11 09:24:13', '2023-07-11 09:24:13', 4, 'Senin'),
(188, '01:20:00', 21, 8, '03:50:00', 19, '2023-07-11 09:24:13', '2023-07-11 09:24:13', 7, 'Senin'),
(189, '10:30:00', 18, 9, '12:10:00', 28, '2023-07-11 09:24:13', '2023-07-11 09:24:13', 3, 'Senin'),
(190, '19:40:00', 40, 11, '20:30:00', 36, '2023-07-11 09:24:13', '2023-07-11 09:24:13', 8, 'Senin'),
(191, '01:30:00', 53, 15, '03:10:00', 19, '2023-07-11 09:24:13', '2023-07-11 09:24:13', 7, 'Senin'),
(192, '10:40:00', 20, 8, '11:30:00', 20, '2023-07-11 09:24:13', '2023-07-11 09:24:13', 8, 'Senin'),
(193, '15:40:00', 45, 12, '17:20:00', 34, '2023-07-11 09:24:13', '2023-07-11 09:24:13', 8, 'Senin'),
(194, '00:00:00', 21, 9, '02:30:00', 19, '2023-07-11 09:24:13', '2023-07-11 09:24:13', 7, 'Senin'),
(195, '08:20:00', 39, 11, '10:00:00', 36, '2023-07-11 09:24:13', '2023-07-11 09:24:13', 8, 'Senin'),
(196, '15:00:00', 44, 12, '16:40:00', 17, '2023-07-11 09:24:13', '2023-07-11 09:24:13', 8, 'Senin'),
(197, '01:00:00', 45, 11, '02:40:00', 34, '2023-07-11 09:24:13', '2023-07-11 09:24:13', 8, 'Senin'),
(198, '12:50:00', 58, 15, '15:20:00', 20, '2023-07-11 09:24:13', '2023-07-11 09:24:13', 7, 'Selasa'),
(199, '17:50:00', 44, 11, '19:30:00', 18, '2023-07-11 09:24:13', '2023-07-11 09:24:13', 3, 'Selasa'),
(200, '01:20:00', 21, 8, '03:50:00', 19, '2023-07-11 09:24:13', '2023-07-11 09:24:13', 4, 'Selasa'),
(201, '10:30:00', 18, 9, '12:10:00', 28, '2023-07-11 09:24:13', '2023-07-11 09:24:13', 7, 'Selasa'),
(202, '19:40:00', 40, 11, '20:30:00', 36, '2023-07-11 09:24:13', '2023-07-11 09:24:13', 8, 'Selasa'),
(203, '01:30:00', 53, 15, '03:10:00', 19, '2023-07-11 09:24:14', '2023-07-11 09:24:14', 4, 'Selasa'),
(204, '10:40:00', 20, 8, '11:30:00', 20, '2023-07-11 09:24:14', '2023-07-11 09:24:14', 8, 'Selasa'),
(205, '15:40:00', 45, 12, '17:20:00', 34, '2023-07-11 09:24:14', '2023-07-11 09:24:14', 8, 'Selasa'),
(206, '00:00:00', 21, 9, '02:30:00', 19, '2023-07-11 09:24:14', '2023-07-11 09:24:14', 4, 'Selasa'),
(207, '08:20:00', 39, 11, '10:00:00', 36, '2023-07-11 09:24:14', '2023-07-11 09:24:14', 8, 'Selasa'),
(208, '15:00:00', 44, 12, '16:40:00', 17, '2023-07-11 09:24:14', '2023-07-11 09:24:14', 8, 'Selasa'),
(209, '01:00:00', 45, 11, '02:40:00', 34, '2023-07-11 09:24:14', '2023-07-11 09:24:14', 8, 'Selasa'),
(210, '12:50:00', 58, 15, '15:20:00', 20, '2023-07-11 09:24:14', '2023-07-11 09:24:14', 4, 'Rabu'),
(211, '17:50:00', 44, 11, '19:30:00', 18, '2023-07-11 09:24:14', '2023-07-11 09:24:14', 7, 'Rabu'),
(212, '01:20:00', 21, 8, '03:50:00', 19, '2023-07-11 09:24:14', '2023-07-11 09:24:14', 3, 'Rabu'),
(213, '10:30:00', 18, 9, '12:10:00', 28, '2023-07-11 09:24:14', '2023-07-11 09:24:14', 4, 'Rabu'),
(214, '19:40:00', 40, 11, '20:30:00', 36, '2023-07-11 09:24:14', '2023-07-11 09:24:14', 8, 'Rabu'),
(215, '01:30:00', 53, 15, '03:10:00', 19, '2023-07-11 09:24:14', '2023-07-11 09:24:14', 3, 'Rabu'),
(216, '10:40:00', 20, 8, '11:30:00', 20, '2023-07-11 09:24:14', '2023-07-11 09:24:14', 8, 'Rabu'),
(217, '15:40:00', 45, 12, '17:20:00', 34, '2023-07-11 09:24:14', '2023-07-11 09:24:14', 8, 'Rabu'),
(218, '00:00:00', 21, 9, '02:30:00', 19, '2023-07-11 09:24:15', '2023-07-11 09:24:15', 3, 'Rabu'),
(219, '08:20:00', 39, 11, '10:00:00', 36, '2023-07-11 09:24:15', '2023-07-11 09:24:15', 8, 'Rabu'),
(220, '15:00:00', 44, 12, '16:40:00', 17, '2023-07-11 09:24:15', '2023-07-11 09:24:15', 8, 'Rabu'),
(221, '01:00:00', 45, 11, '02:40:00', 34, '2023-07-11 09:24:15', '2023-07-11 09:24:15', 8, 'Rabu'),
(222, '12:50:00', 58, 15, '15:20:00', 20, '2023-07-11 09:24:15', '2023-07-11 09:24:15', 3, 'Kamis'),
(223, '17:50:00', 44, 11, '19:30:00', 18, '2023-07-11 09:24:15', '2023-07-11 09:24:15', 4, 'Kamis'),
(224, '01:20:00', 21, 8, '03:50:00', 19, '2023-07-11 09:24:15', '2023-07-11 09:24:15', 7, 'Kamis'),
(225, '10:30:00', 18, 9, '12:10:00', 28, '2023-07-11 09:24:15', '2023-07-11 09:24:15', 3, 'Kamis'),
(226, '19:40:00', 40, 11, '20:30:00', 36, '2023-07-11 09:24:15', '2023-07-11 09:24:15', 8, 'Kamis'),
(227, '01:30:00', 53, 15, '03:10:00', 19, '2023-07-11 09:24:15', '2023-07-11 09:24:15', 7, 'Kamis'),
(228, '10:40:00', 20, 8, '11:30:00', 20, '2023-07-11 09:24:15', '2023-07-11 09:24:15', 8, 'Kamis'),
(229, '15:40:00', 45, 12, '17:20:00', 34, '2023-07-11 09:24:15', '2023-07-11 09:24:15', 8, 'Kamis'),
(230, '00:00:00', 21, 9, '02:30:00', 19, '2023-07-11 09:24:15', '2023-07-11 09:24:15', 7, 'Kamis'),
(231, '08:20:00', 39, 11, '10:00:00', 36, '2023-07-11 09:24:15', '2023-07-11 09:24:15', 8, 'Kamis'),
(232, '15:00:00', 44, 12, '16:40:00', 17, '2023-07-11 09:24:15', '2023-07-11 09:24:15', 8, 'Kamis'),
(233, '01:00:00', 45, 11, '02:40:00', 34, '2023-07-11 09:24:15', '2023-07-11 09:24:15', 8, 'Kamis'),
(234, '16:10:00', 20, 9, '17:00:00', 37, '2023-07-11 09:24:15', '2023-07-11 09:24:15', 8, 'Jumat'),
(235, '17:00:00', 42, 12, '17:50:00', 22, '2023-07-11 09:24:16', '2023-07-11 09:24:16', 8, 'Jumat'),
(236, '17:50:00', 44, 11, '19:30:00', 18, '2023-07-11 09:24:16', '2023-07-11 09:24:16', 8, 'Jumat'),
(237, '19:30:00', 18, 8, '21:10:00', 28, '2023-07-11 09:24:16', '2023-07-11 09:24:16', 8, 'Jumat'),
(238, '21:10:00', 22, 9, '22:50:00', 33, '2023-07-11 09:24:16', '2023-07-11 09:24:16', 8, 'Jumat'),
(239, '19:40:00', 40, 11, '20:30:00', 36, '2023-07-11 09:24:16', '2023-07-11 09:24:16', 8, 'Jumat'),
(240, '23:00:00', 17, 9, '00:40:00', 23, '2023-07-11 09:24:16', '2023-07-11 09:24:16', 8, 'Jumat'),
(241, '00:40:00', 25, 9, '01:30:00', 17, '2023-07-11 09:24:16', '2023-07-11 09:24:16', 8, 'Jumat'),
(242, '15:40:00', 45, 12, '17:20:00', 34, '2023-07-11 09:24:16', '2023-07-11 09:24:16', 8, 'Jumat'),
(243, '22:20:00', 23, 9, '00:00:00', 25, '2023-07-11 09:24:16', '2023-07-11 09:24:16', 8, 'Jumat'),
(244, '16:40:00', 53, 14, '18:20:00', 19, '2023-07-11 09:24:16', '2023-07-11 09:24:16', 8, 'Jumat'),
(245, '18:20:00', 23, 8, '20:00:00', 30, '2023-07-11 09:24:16', '2023-07-11 09:24:16', 8, 'Jumat'),
(246, '20:00:00', 55, 15, '21:40:00', 25, '2023-07-11 09:24:16', '2023-07-11 09:24:16', 8, 'Jumat'),
(247, '21:40:00', 37, 11, '22:30:00', 37, '2023-07-11 09:24:16', '2023-07-11 09:24:16', 8, 'Jumat'),
(248, '01:00:00', 45, 11, '02:40:00', 34, '2023-07-11 09:24:16', '2023-07-11 09:24:16', 8, 'Jumat');

-- --------------------------------------------------------

--
-- Struktur dari tabel `tb_ruang`
--

CREATE TABLE `tb_ruang` (
  `kode_ruang` int(11) NOT NULL,
  `nama_ruang` text NOT NULL,
  `kapasitas` int(11) NOT NULL,
  `jenis` text NOT NULL,
  `updated_at` timestamp NULL DEFAULT NULL,
  `created_at` timestamp NULL DEFAULT NULL
) ENGINE=InnoDB DEFAULT CHARSET=utf8mb4 COLLATE=utf8mb4_general_ci;

--
-- Dumping data untuk tabel `tb_ruang`
--

INSERT INTO `tb_ruang` (`kode_ruang`, `nama_ruang`, `kapasitas`, `jenis`, `updated_at`, `created_at`) VALUES
(3, 'A2006', 45, 'Teori', NULL, NULL),
(4, 'A2007', 45, 'Teori', NULL, NULL),
(7, 'A2008', 45, 'Teori', NULL, NULL),
(8, 'Lab Komputer', 25, 'Praktikum', '2023-07-11 06:53:18', NULL);

-- --------------------------------------------------------

--
-- Struktur dari tabel `tb_waktukhusus`
--

CREATE TABLE `tb_waktukhusus` (
  `kode_waktukhusus` int(11) NOT NULL,
  `day` varchar(10) NOT NULL,
  `status` text NOT NULL,
  `start_time` time NOT NULL,
  `end_time` time NOT NULL,
  `updated_at` timestamp NULL DEFAULT NULL,
  `created_at` timestamp NULL DEFAULT NULL
) ENGINE=InnoDB DEFAULT CHARSET=utf8mb4 COLLATE=utf8mb4_general_ci;

--
-- Dumping data untuk tabel `tb_waktukhusus`
--

INSERT INTO `tb_waktukhusus` (`kode_waktukhusus`, `day`, `status`, `start_time`, `end_time`, `updated_at`, `created_at`) VALUES
(2, 'Rabu', '1', '05:55:00', '22:22:00', '2023-07-04 01:31:10', '2023-07-04 01:31:10'),
(3, 'Senin', '8', '07:00:00', '08:00:00', '2023-07-04 01:39:10', '2023-07-04 01:39:10');

-- --------------------------------------------------------

--
-- Struktur dari tabel `users`
--

CREATE TABLE `users` (
  `id` bigint(20) UNSIGNED NOT NULL,
  `email` varchar(255) NOT NULL,
  `email_verified_at` timestamp NULL DEFAULT NULL,
  `password` varchar(255) NOT NULL,
  `remember_token` varchar(100) DEFAULT NULL,
  `created_at` timestamp NULL DEFAULT NULL,
  `updated_at` timestamp NULL DEFAULT NULL,
  `username` varchar(255) NOT NULL
) ENGINE=InnoDB DEFAULT CHARSET=utf8mb4 COLLATE=utf8mb4_unicode_ci;

--
-- Dumping data untuk tabel `users`
--

INSERT INTO `users` (`id`, `email`, `email_verified_at`, `password`, `remember_token`, `created_at`, `updated_at`, `username`) VALUES
(1, 'admin@gmail.com', NULL, '$2y$10$YKTcJliuji6e/HRx34cTbO3axLW5gCpT8cLx6NUkOwH4Krx2hwV0.', NULL, '2023-07-03 23:56:37', '2023-07-03 23:56:37', ''),
(5, 'admin2@gmail.com', NULL, '$2y$10$5H1Ldc4s1sH8DJL9IizKJu6/CcnAj9gPZZ4dDIV482iOJRoNm5oy.', NULL, '2023-07-04 09:33:43', '2023-07-04 09:33:43', 'admin'),
(7, 'admin3@gmail.com', NULL, '$2y$10$kt1q/5Z/ftBovY1GcSDEhum/AcgzWOmIIgMqpquFjx0VmZKz1WBX6', NULL, '2023-07-06 07:41:55', '2023-07-06 07:41:55', 'admin3'),
(8, 'mitakh@gmail.com', NULL, '$2y$10$uBXpv7AZ1RT7wyhiSFkec.w5Xz9M3CJijNUGwZrkRma5DwnguDDj.', NULL, '2023-07-11 06:50:43', '2023-07-11 06:50:43', 'abimita'),
(9, 'abimitak@gmail.com', NULL, '$2y$10$ZE4e7SIwI0wSTNHNGNWJSeIpaegR3y8fJ5p5nIjCHxsIpYDz/M7yW', NULL, '2023-07-11 08:27:31', '2023-07-11 08:27:31', 'abimita2'),
(10, 'bimi10@gmail.com', NULL, '$2y$10$/xYwhzRx/r7TxZ.u3YoOJ.0yp4YxOoOH6/6sW/0rFErUpqSoKweYW', NULL, '2023-07-11 09:21:50', '2023-07-11 09:21:50', 'bimi'),
(11, 'bimm@gmail.com', NULL, '$2y$10$W//cXo09OS2Oah08IEg2au94oG/Duh8jG0bkZ/Zpo3hH7TgZj.zgi', NULL, '2023-07-11 09:22:55', '2023-07-11 09:22:55', 'bimi2');

--
-- Indexes for dumped tables
--

--
-- Indeks untuk tabel `failed_jobs`
--
ALTER TABLE `failed_jobs`
  ADD PRIMARY KEY (`id`),
  ADD UNIQUE KEY `failed_jobs_uuid_unique` (`uuid`);

--
-- Indeks untuk tabel `migrations`
--
ALTER TABLE `migrations`
  ADD PRIMARY KEY (`id`);

--
-- Indeks untuk tabel `password_resets`
--
ALTER TABLE `password_resets`
  ADD KEY `password_resets_email_index` (`email`);

--
-- Indeks untuk tabel `personal_access_tokens`
--
ALTER TABLE `personal_access_tokens`
  ADD PRIMARY KEY (`id`),
  ADD UNIQUE KEY `personal_access_tokens_token_unique` (`token`),
  ADD KEY `personal_access_tokens_tokenable_type_tokenable_id_index` (`tokenable_type`,`tokenable_id`);

--
-- Indeks untuk tabel `tb_dosen`
--
ALTER TABLE `tb_dosen`
  ADD PRIMARY KEY (`kode_dosen`);

--
-- Indeks untuk tabel `tb_hari`
--
ALTER TABLE `tb_hari`
  ADD PRIMARY KEY (`kode_hari`);

--
-- Indeks untuk tabel `tb_jam`
--
ALTER TABLE `tb_jam`
  ADD PRIMARY KEY (`kode_jam`);

--
-- Indeks untuk tabel `tb_kelas`
--
ALTER TABLE `tb_kelas`
  ADD PRIMARY KEY (`kode_kelas`);

--
-- Indeks untuk tabel `tb_matkul`
--
ALTER TABLE `tb_matkul`
  ADD PRIMARY KEY (`id`);

--
-- Indeks untuk tabel `tb_pengampu`
--
ALTER TABLE `tb_pengampu`
  ADD PRIMARY KEY (`kode_pengampu`);

--
-- Indeks untuk tabel `tb_penjadwalan`
--
ALTER TABLE `tb_penjadwalan`
  ADD PRIMARY KEY (`id`);

--
-- Indeks untuk tabel `tb_ruang`
--
ALTER TABLE `tb_ruang`
  ADD PRIMARY KEY (`kode_ruang`);

--
-- Indeks untuk tabel `tb_waktukhusus`
--
ALTER TABLE `tb_waktukhusus`
  ADD PRIMARY KEY (`kode_waktukhusus`);

--
-- Indeks untuk tabel `users`
--
ALTER TABLE `users`
  ADD PRIMARY KEY (`id`),
  ADD UNIQUE KEY `users_email_unique` (`email`);

--
-- AUTO_INCREMENT untuk tabel yang dibuang
--

--
-- AUTO_INCREMENT untuk tabel `failed_jobs`
--
ALTER TABLE `failed_jobs`
  MODIFY `id` bigint(20) UNSIGNED NOT NULL AUTO_INCREMENT;

--
-- AUTO_INCREMENT untuk tabel `migrations`
--
ALTER TABLE `migrations`
  MODIFY `id` int(10) UNSIGNED NOT NULL AUTO_INCREMENT, AUTO_INCREMENT=5;

--
-- AUTO_INCREMENT untuk tabel `personal_access_tokens`
--
ALTER TABLE `personal_access_tokens`
  MODIFY `id` bigint(20) UNSIGNED NOT NULL AUTO_INCREMENT;

--
-- AUTO_INCREMENT untuk tabel `tb_dosen`
--
ALTER TABLE `tb_dosen`
  MODIFY `kode_dosen` int(11) NOT NULL AUTO_INCREMENT, AUTO_INCREMENT=39;

--
-- AUTO_INCREMENT untuk tabel `tb_hari`
--
ALTER TABLE `tb_hari`
  MODIFY `kode_hari` int(11) NOT NULL AUTO_INCREMENT, AUTO_INCREMENT=10;

--
-- AUTO_INCREMENT untuk tabel `tb_jam`
--
ALTER TABLE `tb_jam`
  MODIFY `kode_jam` int(11) NOT NULL AUTO_INCREMENT, AUTO_INCREMENT=22;

--
-- AUTO_INCREMENT untuk tabel `tb_kelas`
--
ALTER TABLE `tb_kelas`
  MODIFY `kode_kelas` int(11) NOT NULL AUTO_INCREMENT, AUTO_INCREMENT=21;

--
-- AUTO_INCREMENT untuk tabel `tb_matkul`
--
ALTER TABLE `tb_matkul`
  MODIFY `id` int(11) NOT NULL AUTO_INCREMENT, AUTO_INCREMENT=122;

--
-- AUTO_INCREMENT untuk tabel `tb_pengampu`
--
ALTER TABLE `tb_pengampu`
  MODIFY `kode_pengampu` int(11) NOT NULL AUTO_INCREMENT, AUTO_INCREMENT=61;

--
-- AUTO_INCREMENT untuk tabel `tb_penjadwalan`
--
ALTER TABLE `tb_penjadwalan`
  MODIFY `id` int(11) NOT NULL AUTO_INCREMENT, AUTO_INCREMENT=249;

--
-- AUTO_INCREMENT untuk tabel `tb_ruang`
--
ALTER TABLE `tb_ruang`
  MODIFY `kode_ruang` int(11) NOT NULL AUTO_INCREMENT, AUTO_INCREMENT=10;

--
-- AUTO_INCREMENT untuk tabel `tb_waktukhusus`
--
ALTER TABLE `tb_waktukhusus`
  MODIFY `kode_waktukhusus` int(11) NOT NULL AUTO_INCREMENT, AUTO_INCREMENT=4;

--
-- AUTO_INCREMENT untuk tabel `users`
--
ALTER TABLE `users`
  MODIFY `id` bigint(20) UNSIGNED NOT NULL AUTO_INCREMENT, AUTO_INCREMENT=12;
COMMIT;

/*!40101 SET CHARACTER_SET_CLIENT=@OLD_CHARACTER_SET_CLIENT */;
/*!40101 SET CHARACTER_SET_RESULTS=@OLD_CHARACTER_SET_RESULTS */;
/*!40101 SET COLLATION_CONNECTION=@OLD_COLLATION_CONNECTION */;
